timestamp,traffic,prediction,error
2024-02-19 00:00:00,39.056082980587455,22.215400349777777,16.840682630809678
2024-02-19 07:00:00,63.91505711318549,50.39487189400001,13.520185219185478
2024-02-19 10:00:00,46.03640024072765,62.714805015621465,16.678404774893814
2024-02-20 07:00:00,64.6006543705592,49.554321754135195,15.046332616424003
2024-02-20 08:05:00,79.27006496491812,62.44624928119286,16.823815683725257
2024-02-20 16:00:00,64.35963159944238,46.5668985793842,17.79273302005818
2024-02-20 17:05:00,73.3990102401408,59.12446841365736,14.274541826483436
2024-02-20 19:00:00,46.23196455925032,61.07228127430162,14.840316715051301
2024-02-21 06:40:00,41.69256875993935,55.43452695284334,13.741958192903994
2024-02-21 07:00:00,66.86664894540229,51.29484630821693,15.571802637185357
2024-02-21 10:00:00,48.11821113019651,61.17573616797624,13.057525037779733
2024-02-21 11:00:00,37.20309051901053,51.18411525399047,13.98102473497994
2024-02-21 18:40:00,72.03171121761072,55.73041793452727,16.301293283083453
2024-02-21 20:00:00,35.99535836402589,50.760891867915994,14.765533503890104
2024-02-22 06:00:00,55.19649011459584,41.06765067917821,14.128839435417632
2024-02-22 07:00:00,69.7084800181746,49.971445063980056,19.73703495419454
2024-02-22 09:00:00,53.70257325720739,67.50339241401043,13.800819156803044
2024-02-22 10:00:00,50.65192571138011,64.7986464961582,14.14672078477809
2024-02-22 15:35:00,57.56552386927946,42.19597050687273,15.369553362406727
2024-02-22 16:00:00,62.33754109211817,47.03712319059856,15.300417901519616
2024-02-22 20:00:00,39.09787646860495,53.43852624579955,14.3406497771946
2024-02-23 18:35:00,70.96635036924143,56.228467355319935,14.73788301392149
2024-02-23 20:00:00,38.36952831250734,54.12198199627846,15.752453683771115
2024-02-24 00:00:00,10.574900203465754,39.37361529560466,28.798715092138906
2024-02-24 00:30:00,8.76840204684083,25.234527953409895,16.466125906569065
2024-02-24 07:00:00,42.89382506252288,27.812389691978538,15.081435370544341
2024-02-25 00:15:00,39.91633886093341,22.36926881524742,17.547070045685988
2024-02-25 10:00:00,22.40211601596898,36.43239395718389,14.030277941214912
2024-02-25 19:00:00,19.985288278102598,33.64031222830098,13.65502395019838
2024-02-26 00:00:00,45.74026502406369,25.005044803983246,20.735220220080443
2024-02-26 00:05:00,45.84327824921169,30.584044351882092,15.259233897329601
2024-02-26 06:00:00,56.63949233992769,41.312656966384615,15.326835373543076
2024-02-26 07:00:00,68.52823242329907,53.148039902475844,15.380192520823229
2024-02-26 15:00:00,60.11112856399426,40.449496990428244,19.661631573566012
2024-02-27 06:00:00,55.77632102554635,41.244107704231155,14.532213321315197
2024-02-27 10:00:00,48.87925116863416,62.07281049280311,13.193559324168945
2024-02-27 10:10:00,42.07733634161359,55.477445520001744,13.400109178388156
2024-02-27 16:10:00,68.39600829365023,53.98403565377646,14.411972639873767
2024-02-28 08:00:00,78.56388122545212,60.625972268884624,17.937908956567497
2024-02-28 15:05:00,56.77942867572207,42.52355378476226,14.255874890959817
2024-02-28 17:05:00,76.91941811510543,62.51231263665004,14.407105478455392
2024-02-28 19:00:00,44.55563860488764,60.70575795899066,16.15011935410302
2024-02-29 06:05:00,54.98243925036189,41.868754426054615,13.113684824307278
2024-02-29 07:00:00,66.29341581109145,52.289021753457206,14.004394057634244
2024-02-29 08:00:00,74.51437631004502,59.58033361077607,14.93404269926895
2024-02-29 11:00:00,34.45794317807071,51.682488077708406,17.2245448996377
2024-02-29 16:00:00,66.66368286949964,49.58285172798665,17.080831141512988
2024-02-29 20:00:00,38.16340325916579,53.267328570950546,15.103925311784757
